Country Name,1990,1991,1992,1993,1994,1995,1996,1997,1998,1999,2000,2001,2002,2003,2004,2005,2006,2007,2008,2009,2010,2011,2012,2013,2014,2015,2016,2017
Aruba,100.000,99.277,99.291,99.305,100.000,100.000,100.000,100.000,100.000,100.000,91.660,100.000,100.000,100.000,100.000,100.000,100.000,100.000,100.000,100.000,93.356,100.000,100.000,100.000,100.000,100.000,100.000,100.000
Afghanistan,0.000,0.000,0.000,0.000,0.000,0.000,0.000,0.000,0.000,0.000,0.000,0.000,0.000,0.000,0.000,23.000,26.929,33.016,42.400,45.237,42.700,43.222,69.100,70.153,89.500,71.500,97.700,97.700
Angola,0.000,0.000,0.000,0.000,0.000,0.000,0.000,0.000,0.000,0.000,0.000,20.000,25.073,26.146,27.194,28.217,29.224,37.500,31.246,32.288,33.368,34.600,35.671,36.879,32.000,42.000,40.625,41.886
Albania,100.000,100.000,100.000,100.000,100.000,100.000,100.000,100.000,100.000,100.000,100.000,100.000,100.000,100.000,100.000,100.000,100.000,100.000,100.000,100.000,100.000,100.000,100.000,100.000,100.000,100.000,100.000,100.000
Andorra,100.000,100.000,100.000,100.000,100.000,100.000,100.000,100.000,100.000,100.000,100.000,100.000,100.000,100.000,100.000,100.000,100.000,100.000,100.000,100.000,100.000,100.000,100.000,100.000,100.000,100.000,100.000,100.000
Arab World,0.000,0.000,0.000,0.000,0.000,0.000,0.000,0.000,0.000,0.000,0.000,0.000,75.263,76.653,79.021,80.209,84.117,82.863,85.083,84.674,86.008,86.428,87.071,88.177,87.343,89.130,89.679,90.274
United Arab Emirates,100.000,100.000,100.000,100.000,100.000,100.000,100.000,100.000,100.000,100.000,100.000,100.000,100.000,100.000,100.000,100.000,100.000,100.000,100.000,100.000,100.000,100.000,100.000,100.000,100.000,100.000,100.000,100.000
Argentina,0.000,0.000,0.000,0.000,0.000,0.000,0.000,0.000,0.000,0.000,0.000,95.511,96.109,96.381,96.628,96.849,97.055,97.259,97.474,97.715,98.820,99.341,99.603,99.578,100.000,99.824,99.967,100.000
Armenia,0.000,0.000,0.000,0.000,0.000,0.000,0.000,0.000,0.000,0.000,98.900,100.000,98.000,99.236,99.282,99.800,99.307,99.309,99.324,99.363,99.800,99.893,99.979,100.000,100.000,100.000,100.000,100.000
American Samoa,0.000,0.000,0.000,0.000,0.000,0.000,0.000,0.000,0.000,0.000,0.000,0.000,0.000,0.000,0.000,0.000,0.000,0.000,0.000,0.000,0.000,0.000,0.000,0.000,0.000,0.000,0.000,0.000
Antigua and Barbuda,0.000,0.000,0.000,0.000,0.000,0.000,0.000,0.000,0.000,0.000,0.000,0.000,100.000,97.912,98.010,92.200,100.000,100.000,100.000,98.352,98.482,94.552,100.000,100.000,100.000,100.000,100.000,100.000
Australia,100.000,100.000,100.000,100.000,100.000,100.000,100.000,100.000,100.000,100.000,100.000,100.000,100.000,100.000,100.000,100.000,100.000,100.000,100.000,100.000,100.000,100.000,100.000,100.000,100.000,100.000,100.000,100.000
Austria,100.000,100.000,100.000,100.000,100.000,100.000,100.000,100.000,100.000,100.000,100.000,100.000,100.000,100.000,100.000,100.000,100.000,100.000,100.000,100.000,100.000,100.000,100.000,100.000,100.000,100.000,100.000,100.000
Azerbaijan,0.000,0.000,0.000,0.000,0.000,0.000,0.000,0.000,0.000,97.000,98.908,98.635,100.000,99.023,99.184,99.319,99.500,99.556,99.685,99.839,99.940,99.900,100.000,100.000,100.000,100.000,100.000,100.000
Burundi,0.000,0.000,0.000,0.000,0.000,0.000,0.000,0.000,3.900,2.760,3.098,3.426,3.740,4.035,4.306,3.207,4.779,5.007,4.800,5.510,5.300,6.164,6.500,7.091,7.000,8.471,9.298,9.300
Belgium,100.000,100.000,100.000,100.000,100.000,100.000,100.000,100.000,100.000,100.000,100.000,100.000,100.000,100.000,100.000,100.000,100.000,100.000,100.000,100.000,100.000,100.000,100.000,100.000,100.000,100.000,100.000,100.000
Benin,0.000,0.000,0.000,0.000,0.000,0.000,14.500,16.756,18.073,19.391,20.704,21.900,23.298,24.568,25.814,27.035,27.900,29.442,30.657,31.897,34.200,36.900,38.400,37.279,34.100,40.160,41.618,43.078
Burkina Faso,0.000,0.000,0.000,6.100,5.261,5.908,6.559,7.215,7.875,6.900,9.191,9.838,10.470,11.400,11.673,12.236,12.783,13.329,13.886,14.469,13.100,15.760,16.759,18.338,19.200,21.789,23.653,25.474
Bangladesh,0.000,14.290,12.009,14.570,17.800,19.698,22.268,22.400,27.420,29.998,32.000,35.138,37.688,40.220,40.600,44.230,50.525,46.500,52.614,55.115,55.260,59.600,62.875,61.500,62.400,73.174,75.920,88.000
Bulgaria,100.000,100.000,100.000,100.000,100.000,100.000,100.000,100.000,100.000,100.000,100.000,100.000,100.000,100.000,100.000,100.000,100.000,100.000,100.000,100.000,100.000,100.000,100.000,100.000,100.000,100.000,100.000,100.000
Bahrain,0.000,0.000,0.000,0.000,0.000,0.000,0.000,0.000,0.000,0.000,0.000,100.000,100.000,100.000,100.000,100.000,100.000,100.000,100.000,100.000,100.000,100.000,100.000,100.000,100.000,100.000,100.000,100.000
"Bahamas, The",100.000,100.000,100.000,100.000,100.000,100.000,100.000,100.000,100.000,100.000,100.000,96.066,100.000,100.000,100.000,100.000,100.000,100.000,100.000,100.000,100.000,100.000,100.000,100.000,100.000,100.000,100.000,100.000
Bosnia and Herzegovina,100.000,100.000,100.000,100.000,100.000,100.000,100.000,100.000,100.000,100.000,100.000,99.400,98.500,100.000,100.000,100.000,99.387,99.700,100.000,100.000,100.000,99.706,100.000,100.000,100.000,100.000,100.000,100.000
Belarus,100.000,100.000,100.000,100.000,100.000,100.000,100.000,100.000,100.000,100.000,100.000,100.000,100.000,100.000,100.000,100.000,100.000,100.000,100.000,100.000,100.000,100.000,100.000,100.000,100.000,100.000,100.000,100.000
Belize,0.000,67.000,70.315,71.419,72.525,73.634,74.746,75.863,76.984,78.106,79.000,80.331,81.425,82.499,83.549,84.574,90.989,86.590,87.608,88.652,89.917,91.682,92.041,93.250,94.486,91.800,97.002,98.265
Bermuda,100.000,100.000,100.000,100.000,100.000,100.000,100.000,100.000,100.000,100.000,100.000,100.000,100.000,100.000,100.000,100.000,100.000,100.000,100.000,100.000,100.000,100.000,100.000,100.000,100.000,100.000,100.000,100.000
Bolivia,57.207,58.557,59.907,61.258,64.100,63.966,71.000,67.330,71.200,70.930,69.963,69.259,63.997,72.300,76.104,68.288,76.211,80.157,84.675,86.766,87.912,88.336,90.387,89.506,90.039,91.523,91.800,91.800
Brazil,87.475,90.152,88.804,90.000,91.542,91.729,92.867,93.354,94.194,94.763,94.393,96.017,96.653,96.980,96.765,97.094,97.594,98.125,98.527,98.857,98.846,99.329,99.519,99.575,99.650,99.711,99.700,100.000
Barbados,0.000,0.000,0.000,0.000,0.000,0.000,0.000,0.000,0.000,0.000,100.000,100.000,100.000,100.000,99.997,99.978,100.000,100.000,100.000,100.000,100.000,100.000,100.000,100.000,100.000,100.000,100.000,100.000
Brunei Darussalam,100.000,100.000,100.000,100.000,100.000,100.000,100.000,100.000,100.000,100.000,100.000,100.000,100.000,100.000,100.000,100.000,100.000,100.000,100.000,100.000,100.000,100.000,100.000,100.000,100.000,100.000,100.000,100.000
Bhutan,0.000,0.000,0.000,0.000,0.000,0.000,0.000,0.000,0.000,0.000,31.150,40.107,44.067,41.100,51.924,59.808,59.691,71.800,67.449,71.359,73.283,81.752,91.500,87.433,91.526,95.646,99.775,97.700
Botswana,0.000,10.100,10.549,12.626,14.705,16.787,18.872,20.962,23.056,25.151,27.241,24.800,31.389,33.436,35.460,37.457,39.439,41.419,43.100,45.427,52.671,53.240,53.377,53.918,56.127,58.353,60.588,62.825
Central African Republic,0.000,0.000,0.000,0.000,0.000,3.000,3.249,3.816,4.388,4.961,6.000,6.088,6.632,7.157,7.658,8.134,7.805,9.051,9.520,10.015,9.800,13.201,16.100,18.712,21.339,24.231,27.128,29.982
Canada,100.000,100.000,100.000,100.000,100.000,100.000,100.000,100.000,100.000,100.000,100.000,100.000,100.000,100.000,100.000,100.000,100.000,100.000,100.000,100.000,100.000,100.000,100.000,100.000,100.000,100.000,100.000,100.000
Central Europe and the Baltics,100.000,100.000,100.000,100.000,100.000,100.000,100.000,100.000,100.000,100.000,100.000,100.000,100.000,100.000,100.000,100.000,100.000,100.000,100.000,100.000,100.000,100.000,100.000,100.000,100.000,100.000,100.000,100.000
Switzerland,100.000,100.000,100.000,100.000,100.000,100.000,100.000,100.000,100.000,100.000,100.000,100.000,100.000,100.000,100.000,100.000,100.000,100.000,100.000,100.000,100.000,100.000,100.000,100.000,100.000,100.000,100.000,100.000
Channel Islands,0.000,0.000,0.000,0.000,0.000,0.000,0.000,0.000,0.000,0.000,0.000,0.000,0.000,0.000,0.000,0.000,0.000,0.000,0.000,0.000,0.000,0.000,0.000,0.000,0.000,0.000,0.000,0.000
Chile,92.257,94.628,94.560,95.118,95.366,95.616,95.617,96.129,97.241,96.655,97.939,97.164,97.399,98.782,97.808,97.974,99.368,98.273,98.433,99.594,99.245,99.588,100.000,99.600,100.000,99.715,100.000,100.000
China,93.245,93.576,93.907,94.239,94.573,94.909,95.250,95.594,95.943,96.293,96.638,96.974,97.296,97.598,97.877,98.129,98.366,98.601,98.847,99.119,99.700,99.875,99.975,100.000,100.000,100.000,100.000,100.000
Cote d'Ivoire,36.659,37.787,38.915,40.039,36.500,42.270,43.370,44.457,45.527,48.200,47.617,48.644,51.400,50.679,51.696,58.900,53.746,54.786,55.837,56.897,57.964,59.036,55.800,61.189,61.900,63.313,64.300,65.636
Cameroon,0.000,29.000,32.677,33.812,34.949,36.089,37.232,38.380,40.700,40.685,41.000,46.200,44.097,45.202,47.100,47.339,49.000,48.200,50.466,51.541,53.053,53.700,55.022,56.263,56.800,58.814,60.107,61.402
"Congo, Dem. Rep.",0.000,0.000,0.000,0.000,0.000,0.000,0.000,0.000,0.000,0.000,6.700,7.132,7.818,8.485,9.128,6.000,10.346,15.200,11.556,12.192,12.867,13.591,15.400,15.160,13.500,16.834,17.975,19.094
"Congo, Rep.",0.000,0.000,0.000,0.000,0.000,0.000,0.000,0.000,0.000,0.000,0.000,0.000,0.000,0.000,0.000,33.800,33.758,35.874,38.001,37.100,42.344,44.584,41.600,49.186,52.680,60.400,61.730,66.215
Colombia,89.900,90.915,91.234,91.555,91.877,91.200,92.531,92.864,93.202,93.540,95.200,94.198,94.508,94.799,95.066,96.800,95.532,95.755,96.807,96.057,96.789,96.694,97.032,97.779,97.791,98.187,98.400,99.595
Comoros,0.000,0.000,0.000,0.000,0.000,0.000,28.900,32.610,34.977,37.345,39.708,42.062,44.800,46.722,49.018,51.289,53.544,55.796,58.061,60.351,70.153,69.660,69.300,69.933,72.415,74.914,77.422,79.931
Cabo Verde,0.000,0.000,0.000,0.000,0.000,0.000,0.000,0.000,0.000,0.000,0.000,0.000,58.600,63.079,65.134,67.000,69.177,71.189,73.212,75.261,81.100,79.485,81.664,83.879,86.120,88.378,90.645,92.914
Costa Rica,0.000,0.000,0.000,0.000,0.000,0.000,0.000,0.000,0.000,0.000,0.000,98.250,98.509,98.696,98.955,99.053,99.148,99.218,99.264,99.410,98.996,99.232,99.503,99.564,99.359,99.410,99.500,99.600
Caribbean small states,0.000,0.000,0.000,0.000,0.000,0.000,0.000,0.000,0.000,84.796,86.758,89.131,89.251,89.541,90.051,90.473,91.032,91.904,92.751,92.356,93.489,93.183,94.354,95.569,96.228,96.764,97.679,98.384
Cuba,0.000,0.000,0.000,0.000,0.000,0.000,0.000,0.000,0.000,0.000,97.000,96.228,95.500,96.630,96.796,96.937,97.063,97.186,97.321,97.482,97.681,97.929,98.220,98.546,98.899,99.269,99.647,100.000
Curacao,100.000,100.000,100.000,100.000,100.000,100.000,100.000,100.000,100.000,100.000,100.000,100.000,100.000,100.000,100.000,100.000,100.000,100.000,100.000,100.000,100.000,100.000,100.000,100.000,100.000,100.000,100.000,100.000
Cayman Islands,0.000,0.000,0.000,100.000,100.000,100.000,100.000,100.000,100.000,100.000,100.000,100.000,100.000,100.000,100.000,100.000,100.000,100.000,100.000,100.000,100.000,100.000,100.000,100.000,100.000,100.000,100.000,100.000
Cyprus,100.000,100.000,100.000,100.000,100.000,100.000,100.000,100.000,100.000,100.000,100.000,100.000,100.000,100.000,100.000,100.000,100.000,100.000,100.000,100.000,100.000,100.000,100.000,100.000,100.000,100.000,100.000,100.000
Czech Republic,100.000,100.000,100.000,100.000,100.000,100.000,100.000,100.000,100.000,100.000,100.000,100.000,100.000,100.000,100.000,100.000,100.000,100.000,100.000,100.000,100.000,100.000,100.000,100.000,100.000,100.000,100.000,100.000
Germany,100.000,100.000,100.000,100.000,100.000,100.000,100.000,100.000,100.000,100.000,100.000,100.000,100.000,100.000,100.000,100.000,100.000,100.000,100.000,100.000,100.000,100.000,100.000,100.000,100.000,100.000,100.000,100.000
Djibouti,0.000,0.000,0.000,0.000,0.000,0.000,62.000,56.327,56.352,56.377,56.397,56.408,49.700,56.383,56.337,56.264,55.500,56.087,56.009,55.956,55.941,55.976,54.600,56.167,56.444,57.549,58.659,60.200
Dominica,0.000,0.000,0.000,0.000,0.000,0.000,0.000,0.000,75.000,79.544,80.941,82.328,87.700,85.055,86.385,87.689,88.977,90.263,90.900,92.884,94.246,95.656,97.111,98.600,99.469,99.912,100.000,100.000
Denmark,100.000,100.000,100.000,100.000,100.000,100.000,100.000,100.000,100.000,100.000,100.000,100.000,100.000,100.000,100.000,100.000,100.000,100.000,100.000,100.000,100.000,100.000,100.000,100.000,100.000,100.000,100.000,100.000
Dominican Republic,0.000,78.200,81.828,82.639,83.452,84.267,85.086,85.909,86.737,91.000,88.765,89.791,89.750,89.174,90.317,90.141,90.118,96.876,97.576,97.858,98.145,97.899,97.867,98.386,98.471,98.560,98.900,100.000
Algeria,0.000,0.000,0.000,0.000,0.000,0.000,0.000,0.000,0.000,0.000,0.000,0.000,0.000,0.000,0.000,0.000,0.000,0.000,99.300,98.742,98.885,99.076,98.765,99.581,99.877,99.943,99.992,100.000
East Asia & Pacific (excluding high income),93.245,87.399,90.001,87.560,88.881,89.715,90.484,91.189,91.268,91.865,92.260,92.787,92.130,92.383,93.375,93.104,94.163,94.268,94.757,94.571,95.072,95.701,96.060,96.259,96.365,96.800,96.972,97.592
Early-demographic dividend,0.000,0.000,0.000,54.456,55.100,57.017,58.812,60.931,62.600,65.363,65.171,64.502,67.907,68.994,70.115,70.773,72.647,75.114,75.279,77.277,78.570,75.211,81.342,81.947,83.004,85.812,87.319,89.685
East Asia & Pacific,94.048,88.702,91.027,88.772,89.960,90.959,91.627,92.197,92.256,92.780,93.097,93.565,92.956,93.179,94.064,93.818,94.765,94.858,95.296,95.114,95.564,96.128,96.450,96.628,96.723,97.113,97.268,97.826
Europe & Central Asia (excluding high income),100.000,100.000,100.000,100.000,100.000,99.994,99.899,99.887,99.895,99.685,99.850,99.858,99.871,99.894,99.865,99.835,99.867,99.836,99.861,99.901,99.895,99.921,99.944,99.971,99.977,99.992,99.998,99.985
Europe & Central Asia,100.000,100.000,100.000,100.000,100.000,99.998,99.960,99.955,99.959,99.873,99.939,99.942,99.947,99.957,99.945,99.933,99.947,99.934,99.944,99.960,99.953,99.964,99.975,99.987,99.990,99.996,99.999,99.993
Ecuador,0.000,0.000,0.000,0.000,0.000,89.830,91.836,92.242,92.727,93.071,93.469,93.866,94.248,94.973,94.951,95.833,96.315,96.813,97.207,96.471,97.462,96.873,97.195,98.035,98.976,98.826,98.700,100.000
"Egypt, Arab Rep.",0.000,0.000,93.400,94.978,95.277,95.500,95.886,96.196,96.511,96.827,97.700,97.440,97.727,98.800,98.240,99.400,99.040,98.861,99.800,99.311,99.588,99.821,99.700,99.995,99.800,100.000,100.000,100.000
Euro area,100.000,100.000,100.000,100.000,100.000,100.000,100.000,100.000,100.000,100.000,100.000,100.000,100.000,100.000,100.000,100.000,100.000,100.000,100.000,100.000,100.000,100.000,100.000,100.000,100.000,100.000,100.000,100.000
Eritrea,0.000,0.000,0.000,0.000,0.000,22.900,24.705,25.831,26.962,28.093,29.220,30.338,32.200,32.525,33.585,34.618,35.637,36.653,37.681,38.735,39.827,40.967,42.152,43.371,44.616,45.879,47.151,48.424
Spain,100.000,100.000,100.000,100.000,100.000,100.000,100.000,100.000,100.000,100.000,100.000,100.000,100.000,100.000,100.000,100.000,100.000,100.000,100.000,100.000,100.000,100.000,100.000,100.000,100.000,100.000,100.000,100.000
Estonia,100.000,100.000,100.000,100.000,100.000,100.000,100.000,100.000,100.000,100.000,100.000,100.000,100.000,100.000,100.000,100.000,100.000,100.000,100.000,100.000,100.000,100.000,100.000,100.000,100.000,100.000,100.000,100.000
Ethiopia,0.000,0.000,0.000,0.000,0.000,0.000,0.000,0.000,0.000,0.000,12.700,25.594,26.484,27.355,28.201,14.000,29.827,79.931,31.445,32.285,33.164,23.000,35.062,36.068,27.200,29.000,42.900,44.300
European Union,100.000,100.000,100.000,100.000,100.000,100.000,100.000,100.000,100.000,100.000,100.000,100.000,100.000,100.000,100.000,100.000,100.000,100.000,100.000,100.000,100.000,100.000,100.000,100.000,100.000,100.000,100.000,100.000
Fragile and conflict affected situations,0.000,0.000,0.000,0.000,0.000,0.000,0.000,0.000,0.000,0.000,0.000,0.000,33.068,33.402,34.819,34.586,40.160,41.430,41.883,41.444,41.872,43.260,46.009,47.324,47.941,49.545,52.198,54.926
Finland,100.000,100.000,100.000,100.000,100.000,100.000,100.000,100.000,100.000,100.000,100.000,100.000,100.000,100.000,100.000,100.000,100.000,100.000,100.000,100.000,100.000,100.000,100.000,100.000,100.000,100.000,100.000,100.000
Fiji,0.000,0.000,0.000,0.000,0.000,0.000,66.900,71.804,73.122,74.440,75.754,77.058,79.630,80.000,80.866,82.087,83.292,88.900,86.160,86.951,88.687,89.962,91.044,91.750,93.767,95.217,96.676,96.000
France,100.000,100.000,100.000,100.000,100.000,100.000,100.000,100.000,100.000,100.000,100.000,100.000,100.000,100.000,100.000,100.000,100.000,100.000,100.000,100.000,100.000,100.000,100.000,100.000,100.000,100.000,100.000,100.000
Faroe Islands,100.000,100.000,100.000,100.000,100.000,100.000,100.000,100.000,100.000,100.000,100.000,100.000,100.000,100.000,100.000,100.000,100.000,100.000,100.000,100.000,100.000,100.000,100.000,100.000,100.000,100.000,100.000,100.000
"Micronesia, Fed. Sts.",0.000,0.000,0.000,0.000,0.000,0.000,0.000,0.000,0.000,0.000,46.000,48.450,50.247,52.025,53.778,55.506,57.218,58.928,60.650,62.397,64.532,67.293,69.639,71.698,73.772,76.111,78.455,80.757
Gabon,0.000,0.000,0.000,0.000,0.000,0.000,0.000,0.000,0.000,0.000,73.600,76.344,77.308,78.252,79.172,81.600,80.944,81.820,82.708,83.622,92.390,90.632,89.300,86.400,88.804,89.927,91.058,92.191
United Kingdom,100.000,100.000,100.000,100.000,100.000,100.000,100.000,100.000,100.000,100.000,100.000,100.000,100.000,100.000,100.000,100.000,100.000,100.000,100.000,100.000,100.000,100.000,100.000,100.000,100.000,100.000,100.000,100.000
Georgia,0.000,0.000,0.000,0.000,0.000,0.000,0.000,0.000,0.000,0.000,0.000,0.000,99.900,98.944,99.014,97.935,99.087,99.113,99.151,99.214,99.317,99.548,100.000,99.916,100.000,99.994,100.000,100.000
Ghana,0.000,0.000,0.000,30.600,32.108,34.170,36.237,38.307,42.600,42.458,43.700,46.591,48.639,48.300,52.671,54.649,55.093,58.573,60.500,62.543,64.200,64.063,69.229,70.700,78.300,75.850,79.300,79.000
Gibraltar,100.000,100.000,100.000,100.000,100.000,100.000,100.000,100.000,100.000,100.000,100.000,100.000,100.000,100.000,100.000,100.000,100.000,100.000,100.000,100.000,100.000,100.000,100.000,100.000,100.000,100.000,100.000,100.000
Guinea,0.000,0.000,0.000,0.000,0.000,0.000,0.000,0.000,0.000,16.400,16.504,17.479,18.440,19.382,20.299,20.200,22.067,22.942,23.828,24.739,25.689,26.687,26.200,28.806,29.910,31.618,33.500,35.441
"Gambia, The",0.000,0.000,0.000,17.700,18.709,20.286,21.866,23.451,25.041,26.631,34.300,29.792,31.354,27.800,34.416,30.456,37.385,38.860,40.347,41.859,48.419,49.728,50.846,51.500,52.522,53.632,54.747,56.200
Guinea-Bissau,0.000,0.000,0.000,0.000,0.000,0.000,0.000,0.000,0.000,0.000,0.000,0.000,0.000,0.000,0.000,0.000,14.536,8.986,9.561,4.700,6.000,11.488,12.219,14.786,17.200,20.301,23.195,26.047
Equatorial Guinea,0.000,0.000,0.000,0.000,0.000,0.000,0.000,0.000,0.000,0.000,0.000,0.000,0.000,0.000,0.000,0.000,0.000,0.000,0.000,0.000,0.000,66.100,65.789,66.033,66.303,66.590,66.886,67.184
Greece,100.000,100.000,100.000,100.000,100.000,100.000,100.000,100.000,100.000,100.000,100.000,100.000,100.000,100.000,100.000,100.000,100.000,100.000,100.000,100.000,100.000,100.000,100.000,100.000,100.000,100.000,100.000,100.000
Grenada,0.000,0.000,0.000,0.000,0.000,0.000,0.000,0.000,85.040,85.567,85.990,86.403,86.802,87.181,87.537,87.867,88.181,88.493,90.000,89.165,89.553,88.800,90.470,90.985,91.526,92.581,93.660,94.696
Greenland,100.000,100.000,100.000,100.000,100.000,100.000,100.000,100.000,100.000,100.000,100.000,100.000,100.000,100.000,100.000,100.000,100.000,100.000,100.000,100.000,100.000,100.000,100.000,100.000,100.000,100.000,100.000,100.000
Guatemala,0.000,0.000,0.000,0.000,0.000,60.800,67.696,68.911,70.131,70.900,73.318,73.774,78.668,78.512,77.289,78.412,83.731,80.625,81.743,82.885,84.066,84.026,86.570,87.878,85.494,90.565,91.926,93.288
Guam,0.000,0.000,0.000,0.000,0.000,100.000,100.000,100.000,100.000,100.000,100.000,100.000,100.000,100.000,100.000,100.000,100.000,100.000,100.000,100.000,100.000,100.000,100.000,100.000,100.000,100.000,100.000,100.000
Guyana,0.000,0.000,0.000,72.377,70.756,71.377,72.001,72.630,73.263,73.897,74.527,75.147,75.752,76.339,76.901,77.500,73.383,78.478,79.008,77.600,82.152,83.649,84.954,85.972,86.900,88.302,89.605,90.865
High income,99.798,99.837,99.837,99.846,99.851,99.863,99.864,99.874,99.892,99.885,99.897,99.891,99.899,99.935,99.912,99.917,99.943,99.929,99.934,99.953,99.941,99.960,99.972,99.956,99.978,99.977,99.988,100.000
"Hong Kong SAR, China",100.000,100.000,100.000,100.000,100.000,100.000,100.000,100.000,100.000,100.000,100.000,100.000,100.000,100.000,100.000,100.000,100.000,100.000,100.000,100.000,100.000,100.000,100.000,100.000,100.000,100.000,100.000,100.000
Honduras,0.000,54.782,58.913,61.100,64.734,66.122,61.681,64.795,66.860,67.394,67.386,64.200,63.141,65.090,67.114,68.903,71.266,73.548,76.397,78.270,80.985,82.195,83.608,87.185,88.654,89.982,91.600,86.500
Heavily indebted poor countries (HIPC),0.000,0.000,0.000,0.000,0.000,0.000,0.000,0.000,0.000,0.000,19.041,22.206,22.393,23.429,24.105,22.200,25.538,34.020,27.580,28.063,29.217,28.572,32.561,33.382,34.952,35.709,41.175,42.075
Croatia,100.000,100.000,100.000,100.000,100.000,100.000,100.000,100.000,100.000,100.000,100.000,100.000,100.000,100.000,100.000,100.000,100.000,100.000,100.000,100.000,100.000,100.000,100.000,100.000,100.000,100.000,100.000,100.000
Haiti,0.000,0.000,0.000,0.000,0.000,31.300,30.103,30.628,31.158,31.688,33.700,31.542,33.232,31.600,34.174,34.607,33.900,35.440,35.867,36.319,36.810,37.350,37.900,38.552,39.473,40.911,40.400,43.753
Hungary,100.000,100.000,100.000,100.000,100.000,100.000,100.000,100.000,100.000,100.000,100.000,100.000,100.000,100.000,100.000,100.000,100.000,100.000,100.000,100.000,100.000,100.000,100.000,100.000,100.000,100.000,100.000,100.000
IBRD only,0.000,0.000,0.000,78.012,78.383,79.279,80.042,81.200,81.927,83.512,83.962,82.939,85.228,85.836,86.400,87.064,87.976,88.535,89.326,90.589,91.456,89.227,92.840,93.222,94.003,95.400,95.946,96.910
IDA & IBRD total,0.000,0.000,0.000,70.983,71.325,72.136,72.485,73.210,73.637,74.997,73.987,73.597,75.182,75.909,76.168,76.312,77.536,78.707,78.769,79.686,80.359,79.053,82.234,82.602,83.172,84.588,86.010,87.046
IDA total,0.000,0.000,0.000,0.000,0.000,0.000,0.000,0.000,37.005,38.389,35.344,37.278,39.224,40.821,40.581,40.285,42.823,46.545,44.397,44.659,44.592,46.676,48.894,49.628,49.957,51.854,56.316,57.950
IDA blend,0.000,0.000,0.000,0.000,0.000,0.000,0.000,0.000,54.239,55.603,55.039,55.783,56.193,58.544,57.326,57.642,57.988,58.973,59.325,58.796,57.487,62.106,61.754,62.802,62.113,61.950,66.919,64.999
Indonesia,0.000,48.900,65.771,55.430,62.800,66.860,72.390,80.300,80.940,83.730,86.300,86.260,87.600,87.940,89.010,85.971,90.620,91.100,92.730,93.550,94.150,94.830,96.000,96.464,97.010,97.537,97.620,98.140
IDA only,0.000,0.000,0.000,0.000,0.000,0.000,0.000,0.000,0.000,25.799,23.623,26.295,30.204,31.405,31.754,31.355,35.035,40.186,36.751,37.484,38.035,38.815,42.332,42.898,43.738,46.684,50.883,54.337
Isle of Man,100.000,100.000,100.000,100.000,100.000,100.000,100.000,100.000,100.000,100.000,100.000,100.000,100.000,100.000,100.000,100.000,100.000,100.000,100.000,100.000,100.000,100.000,100.000,100.000,100.000,100.000,100.000,100.000
India,0.000,0.000,0.000,50.900,49.815,51.399,52.986,54.577,56.173,60.100,59.362,55.800,62.300,64.062,64.400,67.087,67.900,70.052,71.546,75.000,76.300,67.600,79.900,80.875,83.620,88.000,89.646,92.619
Not classified,0.000,0.000,0.000,0.000,0.000,0.000,0.000,0.000,0.000,0.000,0.000,0.000,0.000,0.000,0.000,0.000,0.000,0.000,0.000,0.000,0.000,0.000,0.000,0.000,0.000,0.000,0.000,0.000
Ireland,100.000,100.000,100.000,100.000,100.000,100.000,100.000,100.000,100.000,100.000,100.000,100.000,100.000,100.000,100.000,100.000,100.000,100.000,100.000,100.000,100.000,100.000,100.000,100.000,100.000,100.000,100.000,100.000
"Iran, Islamic Rep.",0.000,0.000,0.000,0.000,0.000,0.000,0.000,0.000,0.000,0.000,97.900,97.842,98.015,98.169,98.299,98.403,98.400,98.578,98.676,98.799,98.962,99.172,99.427,99.716,100.000,99.982,100.000,100.000
Iraq,0.000,0.000,0.000,0.000,0.000,0.000,0.000,0.000,0.000,0.000,0.000,0.000,0.000,0.000,0.000,0.000,97.622,98.100,97.896,98.107,98.357,98.000,99.300,99.376,99.780,99.906,99.986,100.000
Iceland,100.000,100.000,100.000,100.000,100.000,100.000,100.000,100.000,100.000,100.000,100.000,100.000,100.000,100.000,100.000,100.000,100.000,100.000,100.000,100.000,100.000,100.000,100.000,100.000,100.000,100.000,100.000,100.000
Israel,100.000,100.000,100.000,100.000,100.000,100.000,100.000,100.000,100.000,100.000,100.000,100.000,100.000,100.000,100.000,100.000,100.000,100.000,100.000,100.000,100.000,100.000,100.000,100.000,100.000,100.000,100.000,100.000
Italy,100.000,100.000,100.000,100.000,100.000,100.000,100.000,100.000,100.000,100.000,100.000,100.000,100.000,100.000,100.000,100.000,100.000,100.000,100.000,100.000,100.000,100.000,100.000,100.000,100.000,100.000,100.000,100.000
Jamaica,70.335,76.668,77.532,78.397,79.264,80.134,85.706,81.885,82.767,84.554,84.528,87.708,86.681,87.087,87.898,88.683,89.453,90.221,92.000,91.805,92.649,91.100,93.100,95.448,96.445,97.459,98.482,99.506
Jordan,96.800,97.442,97.570,97.699,97.830,97.964,98.102,98.900,98.390,98.537,98.679,98.812,99.500,99.031,99.173,99.156,99.190,98.800,99.266,99.400,99.443,99.599,99.500,99.925,99.987,100.000,100.000,100.000
Japan,100.000,100.000,100.000,100.000,100.000,100.000,100.000,100.000,100.000,100.000,100.000,100.000,100.000,100.000,100.000,100.000,100.000,100.000,100.000,100.000,100.000,100.000,100.000,100.000,100.000,100.000,100.000,100.000
Kazakhstan,0.000,0.000,0.000,0.000,0.000,99.900,98.641,98.748,98.859,97.000,99.077,99.175,99.258,99.322,99.363,99.377,99.767,99.372,99.380,100.000,99.486,99.797,99.881,99.908,99.979,100.000,100.000,100.000
Kenya,0.000,0.000,0.000,10.900,2.283,4.449,6.620,8.795,14.500,13.154,15.329,17.495,19.647,16.000,23.887,25.970,28.037,30.102,32.178,23.000,19.200,38.610,40.843,43.111,36.000,41.600,65.400,63.811
Kyrgyz Republic,0.000,0.000,0.000,0.000,0.000,0.000,0.000,99.800,99.621,99.662,99.698,99.725,100.000,99.732,99.701,99.442,99.573,99.499,99.436,99.399,99.000,99.451,99.800,99.840,99.800,99.971,99.995,100.000
Cambodia,0.000,0.000,0.000,0.000,0.000,0.000,0.000,0.000,18.670,8.868,16.600,15.499,18.795,19.300,25.326,20.500,31.765,34.974,26.400,41.443,31.100,48.062,51.440,54.852,56.100,69.030,76.840,89.070
Kiribati,0.000,0.000,0.000,0.000,0.000,0.000,0.000,0.000,0.000,0.000,0.000,0.000,0.000,0.000,0.000,69.676,64.447,66.353,68.271,64.190,63.168,74.227,76.301,79.255,83.904,90.558,93.738,98.615
St. Kitts and Nevis,0.000,0.000,0.000,0.000,0.000,0.000,0.000,0.000,0.000,0.000,0.000,93.530,95.021,95.405,95.764,96.098,96.417,96.733,97.061,97.414,99.584,100.000,100.000,100.000,100.000,100.000,100.000,100.000
"Korea, Rep.",0.000,0.000,0.000,0.000,0.000,100.000,100.000,100.000,100.000,100.000,100.000,100.000,100.000,100.000,100.000,100.000,100.000,100.000,100.000,100.000,100.000,100.000,100.000,100.000,100.000,100.000,100.000,100.000
Kuwait,100.000,100.000,100.000,100.000,100.000,100.000,100.000,100.000,100.000,100.000,100.000,100.000,100.000,100.000,100.000,100.000,100.000,100.000,100.000,100.000,100.000,100.000,100.000,100.000,100.000,100.000,100.000,100.000
Latin America & Caribbean (excluding high income),0.000,0.000,87.922,88.544,89.423,87.744,88.791,89.240,89.912,90.610,91.083,91.812,92.419,92.487,93.041,93.397,94.066,94.369,95.097,95.258,95.793,96.109,96.463,96.855,96.921,97.228,97.462,98.026
Lao PDR,0.000,0.000,0.000,31.000,26.137,25.000,31.768,34.590,37.416,40.243,43.066,45.879,46.300,48.000,54.213,57.200,57.041,62.369,66.000,67.842,70.630,70.000,76.367,79.493,83.087,89.700,90.812,93.600
Lebanon,0.000,0.000,0.000,0.000,0.000,0.000,0.000,0.000,0.000,0.000,0.000,0.000,0.000,0.000,99.900,99.601,99.384,99.900,99.900,99.789,99.899,99.684,99.994,100.000,100.000,100.000,100.000,100.000
Liberia,0.000,0.000,0.000,0.000,0.000,0.000,0.000,0.000,0.000,0.000,0.000,0.000,0.000,0.000,0.000,0.000,0.000,3.000,1.835,1.900,5.094,4.100,8.534,9.800,9.400,15.336,19.800,21.489
Libya,0.000,0.000,0.000,0.000,0.000,0.000,0.000,0.000,0.000,0.000,99.800,97.169,95.453,93.718,91.959,90.173,88.373,86.570,84.779,83.013,81.286,79.607,77.972,76.372,74.798,73.242,71.694,70.148
St. Lucia,0.000,0.000,0.000,0.000,0.000,0.000,0.000,0.000,0.000,0.000,0.000,89.900,90.395,90.904,91.390,91.849,92.293,92.735,93.188,93.667,94.200,94.856,95.343,96.005,96.676,97.364,98.061,98.760
Latin America & Caribbean,0.000,0.000,88.168,88.780,89.628,88.029,89.030,89.479,90.161,90.810,91.310,91.976,92.625,92.759,93.235,93.580,94.264,94.525,95.224,95.412,95.898,96.233,96.591,96.933,97.036,97.326,97.568,98.126
Least developed countries: UN classification,0.000,0.000,0.000,0.000,0.000,0.000,0.000,0.000,0.000,0.000,19.295,22.163,25.246,26.458,26.761,26.294,30.234,36.119,32.095,32.872,33.374,34.304,38.143,38.669,39.262,42.813,47.198,51.010
Low income,0.000,0.000,0.000,0.000,0.000,0.000,0.000,0.000,0.000,0.000,15.090,17.673,21.711,23.054,23.081,21.175,25.287,34.862,27.181,27.499,28.482,27.703,31.974,32.639,33.548,34.334,39.941,40.977
Liechtenstein,100.000,100.000,100.000,100.000,100.000,100.000,100.000,100.000,100.000,100.000,100.000,100.000,100.000,100.000,100.000,100.000,100.000,100.000,100.000,100.000,100.000,100.000,100.000,100.000,100.000,100.000,100.000,100.000
Sri Lanka,0.000,0.000,0.000,0.000,0.000,0.000,0.000,0.000,0.000,0.000,0.000,63.600,80.700,74.447,76.021,77.569,79.101,80.000,82.174,83.742,85.300,87.760,88.912,90.200,92.195,93.972,95.758,97.545
Lower middle income,0.000,0.000,0.000,50.351,50.987,52.627,54.986,57.891,60.019,62.570,62.532,60.970,64.175,65.618,66.223,67.477,68.991,69.910,71.266,73.109,73.677,71.125,77.146,77.912,79.112,82.159,84.105,86.164
Low & middle income,0.000,0.000,0.000,70.507,70.859,71.694,72.065,72.832,73.280,74.666,73.715,73.328,74.933,75.666,75.936,76.084,77.320,78.507,78.573,79.266,79.966,78.664,81.870,82.256,82.837,84.272,85.711,86.761
Lesotho,0.000,0.000,0.000,0.000,0.000,0.000,0.000,0.000,0.000,0.000,4.259,3.688,5.410,7.113,6.800,10.446,9.700,13.719,15.367,17.000,20.823,22.919,24.823,26.440,27.800,29.969,31.871,33.731
Late-demographic dividend,93.647,94.173,93.565,93.988,94.359,94.649,95.078,94.704,95.292,95.653,95.518,95.851,96.426,96.692,96.974,97.498,98.133,97.933,98.274,97.856,98.416,98.665,98.863,98.998,98.943,99.147,99.215,99.314
Lithuania,100.000,100.000,100.000,100.000,100.000,100.000,100.000,100.000,100.000,100.000,100.000,100.000,100.000,100.000,100.000,100.000,100.000,100.000,100.000,100.000,100.000,100.000,100.000,100.000,100.000,100.000,100.000,100.000
Luxembourg,100.000,100.000,100.000,100.000,100.000,100.000,100.000,100.000,100.000,100.000,100.000,100.000,100.000,100.000,100.000,100.000,100.000,100.000,100.000,100.000,100.000,100.000,100.000,100.000,100.000,100.000,100.000,100.000
Latvia,100.000,100.000,100.000,100.000,100.000,100.000,100.000,100.000,100.000,100.000,100.000,100.000,100.000,100.000,100.000,100.000,100.000,100.000,100.000,100.000,100.000,100.000,100.000,100.000,100.000,100.000,100.000,100.000
"Macao SAR, China",0.000,0.000,0.000,0.000,100.000,100.000,100.000,100.000,100.000,100.000,100.000,100.000,100.000,100.000,100.000,100.000,100.000,100.000,100.000,100.000,100.000,100.000,100.000,100.000,100.000,100.000,100.000,100.000
St. Martin (French part),0.000,0.000,0.000,0.000,0.000,0.000,0.000,0.000,0.000,0.000,0.000,0.000,0.000,0.000,0.000,0.000,0.000,0.000,0.000,0.000,64.350,100.000,100.000,100.000,100.000,100.000,100.000,100.000
Morocco,0.000,0.000,49.200,54.804,56.936,56.500,61.210,63.354,65.502,67.650,69.794,71.929,74.049,76.150,78.200,80.278,96.500,84.347,86.392,88.463,90.572,92.730,94.931,97.167,91.600,99.680,99.964,100.000
Monaco,100.000,100.000,100.000,100.000,100.000,100.000,100.000,100.000,100.000,100.000,100.000,100.000,100.000,100.000,100.000,100.000,100.000,100.000,100.000,100.000,100.000,100.000,100.000,100.000,100.000,100.000,100.000,100.000
Moldova,100.000,100.000,100.000,100.000,100.000,100.000,100.000,100.000,100.000,100.000,100.000,100.000,99.000,100.000,99.100,98.600,100.000,100.000,100.000,100.000,100.000,100.000,100.000,100.000,100.000,100.000,100.000,100.000
Madagascar,0.000,0.000,9.200,10.823,11.207,11.595,11.986,10.900,12.781,13.182,13.578,14.800,14.337,20.300,15.020,15.323,15.611,15.896,16.194,17.400,16.878,14.300,17.741,12.900,18.745,20.009,22.900,24.075
Maldives,0.000,0.000,0.000,0.000,0.000,0.000,0.000,0.000,0.000,0.000,83.800,87.517,88.443,89.349,90.232,91.088,91.929,92.768,93.618,99.900,99.296,99.668,99.848,99.741,100.000,99.822,99.968,99.800
Middle East & North Africa,0.000,0.000,0.000,0.000,0.000,0.000,0.000,0.000,0.000,0.000,90.196,90.548,90.728,91.863,92.391,93.435,95.591,94.257,95.153,95.254,95.804,96.128,96.476,97.210,96.210,97.431,97.570,97.757
Mexico,0.000,0.000,93.146,95.331,95.238,95.781,96.094,96.244,96.093,96.721,98.007,97.181,97.897,97.584,98.598,98.933,99.114,98.143,98.914,98.440,99.237,99.221,99.112,99.508,99.173,99.000,99.500,100.000
Marshall Islands,0.000,0.000,0.000,0.000,0.000,0.000,0.000,0.000,0.000,68.524,68.506,70.038,71.556,73.054,74.528,75.977,77.409,72.300,80.283,81.750,88.876,89.920,90.736,91.283,91.845,92.672,93.504,94.755
Middle income,0.000,0.000,0.000,72.463,72.820,73.822,74.752,75.983,76.494,78.027,78.534,77.886,79.618,80.369,80.792,81.505,82.529,82.981,83.892,85.024,85.696,84.413,87.574,88.000,88.618,90.210,91.230,92.362
North Macedonia,100.000,100.000,100.000,100.000,100.000,100.000,100.000,100.000,100.000,100.000,100.000,100.000,100.000,100.000,100.000,100.000,99.000,100.000,99.200,99.200,100.000,99.726,100.000,100.000,100.000,100.000,100.000,100.000
Mali,0.000,0.000,0.000,0.000,0.000,0.000,6.200,5.627,7.193,8.760,10.322,10.800,13.413,14.932,16.427,17.896,16.600,20.802,22.265,24.031,25.281,26.857,25.600,30.131,33.004,37.600,39.755,43.090
Malta,100.000,100.000,100.000,100.000,100.000,100.000,100.000,100.000,100.000,100.000,100.000,100.000,100.000,100.000,100.000,100.000,100.000,100.000,100.000,100.000,100.000,100.000,100.000,100.000,100.000,100.000,100.000,100.000
Myanmar,0.000,0.000,0.000,0.000,0.000,0.000,0.000,0.000,0.000,0.000,0.000,0.000,47.000,45.334,46.399,47.437,48.460,49.481,50.513,51.571,48.800,53.813,55.002,56.225,52.000,60.500,55.600,69.815
Middle East & North Africa (excluding high income),0.000,0.000,0.000,0.000,0.000,0.000,0.000,0.000,0.000,0.000,89.599,89.931,90.161,91.357,91.183,92.368,94.928,93.311,94.419,94.514,95.134,95.498,95.895,96.744,95.571,96.995,97.154,97.371
Montenegro,100.000,100.000,100.000,100.000,100.000,100.000,100.000,100.000,100.000,100.000,100.000,100.000,100.000,100.000,100.000,99.830,100.000,100.000,100.000,100.000,100.000,100.000,100.000,99.700,100.000,100.000,100.000,100.000
Mongolia,0.000,0.000,0.000,0.000,0.000,0.000,0.000,0.000,0.000,0.000,67.300,73.989,74.518,76.300,75.514,86.200,76.418,76.860,77.314,77.793,78.502,72.057,79.488,81.200,81.156,82.738,84.325,85.870
Northern Mariana Islands,0.000,0.000,0.000,0.000,0.000,100.000,100.000,100.000,100.000,100.000,100.000,100.000,100.000,99.999,99.989,99.954,99.894,100.000,100.000,100.000,100.000,100.000,100.000,100.000,100.000,100.000,100.000,100.000
Mozambique,0.000,0.000,0.000,0.000,0.000,0.000,0.000,6.600,4.462,5.579,6.692,5.700,8.885,8.100,11.002,12.022,13.026,14.029,13.571,15.000,18.340,20.200,21.248,22.319,23.405,24.000,26.112,27.425
Mauritania,0.000,0.000,0.000,0.000,0.000,0.000,0.000,0.000,0.000,0.000,0.000,22.200,21.625,22.996,24.343,18.200,26.969,33.041,30.000,30.927,34.395,35.739,36.891,37.756,38.800,39.500,41.352,42.912
Mauritius,0.000,0.000,0.000,0.000,0.000,0.000,0.000,0.000,0.000,0.000,99.000,99.345,99.400,99.107,98.954,98.776,98.582,98.386,98.201,98.042,100.000,99.400,97.822,97.828,97.861,97.912,97.971,98.031
Malawi,0.000,0.000,3.200,2.127,2.512,2.900,3.291,3.687,4.087,4.488,4.800,5.272,5.644,6.200,6.900,6.631,3.653,7.205,7.503,7.826,8.700,7.600,7.400,9.000,11.900,10.800,11.000,12.700
Malaysia,0.000,0.000,0.000,0.000,0.000,0.000,0.000,0.000,0.000,0.000,0.000,0.000,0.000,0.000,0.000,0.000,0.000,0.000,0.000,99.300,99.223,99.530,99.800,99.941,99.993,100.000,100.000,100.000
North America,100.000,100.000,100.000,100.000,100.000,100.000,100.000,100.000,100.000,100.000,100.000,100.000,100.000,100.000,100.000,100.000,100.000,100.000,100.000,100.000,100.000,100.000,100.000,100.000,100.000,100.000,100.000,100.000
Namibia,0.000,0.000,26.400,27.000,29.019,30.000,30.985,31.975,32.969,33.963,36.500,35.934,36.900,37.847,38.770,39.667,40.549,43.700,42.320,44.100,44.192,42.300,46.243,47.400,48.434,49.560,50.906,52.501
New Caledonia,0.000,0.000,0.000,0.000,0.000,100.000,100.000,100.000,100.000,100.000,100.000,100.000,100.000,100.000,100.000,100.000,100.000,100.000,100.000,100.000,100.000,100.000,100.000,100.000,100.000,100.000,100.000,100.000
Niger,0.000,0.000,4.400,4.076,4.611,6.200,7.000,6.236,6.700,7.337,6.481,8.421,8.943,9.447,9.927,7.100,9.300,11.254,11.702,12.175,12.687,14.300,14.400,15.608,16.526,16.600,18.896,20.042
Nigeria,27.300,34.390,35.309,36.230,37.152,38.077,39.006,39.939,40.876,44.900,42.748,43.673,44.583,52.200,46.340,47.181,48.006,50.131,50.300,50.525,48.000,55.900,53.363,55.600,55.441,52.500,59.300,54.400
Nicaragua,0.000,0.000,0.000,72.064,69.280,69.859,70.441,71.027,69.047,72.210,72.797,72.222,73.938,74.482,75.002,73.822,75.975,76.452,76.940,77.916,78.006,78.607,79.409,80.716,81.853,83.626,85.218,86.768
Netherlands,100.000,100.000,100.000,100.000,100.000,100.000,100.000,100.000,100.000,100.000,100.000,100.000,100.000,100.000,100.000,100.000,100.000,100.000,100.000,100.000,100.000,100.000,100.000,100.000,100.000,100.000,100.000,100.000
Norway,100.000,100.000,100.000,100.000,100.000,100.000,100.000,100.000,100.000,100.000,100.000,100.000,100.000,100.000,100.000,100.000,100.000,100.000,100.000,100.000,100.000,100.000,100.000,100.000,100.000,100.000,100.000,100.000
Nepal,0.000,0.000,0.000,0.000,0.000,0.000,17.900,15.565,19.429,23.294,27.155,24.600,34.844,38.662,37.200,46.223,51.200,53.726,57.488,61.275,65.101,67.260,73.873,78.036,84.900,86.655,90.700,95.507
Nauru,0.000,0.000,0.000,0.000,0.000,0.000,0.000,0.000,0.000,0.000,0.000,0.000,0.000,0.000,0.000,0.000,0.000,99.800,99.159,99.062,99.004,99.000,99.036,99.099,99.195,99.000,99.430,99.553
New Zealand,100.000,100.000,100.000,100.000,100.000,100.000,100.000,100.000,100.000,100.000,100.000,100.000,100.000,100.000,100.000,100.000,100.000,100.000,100.000,100.000,100.000,100.000,100.000,100.000,100.000,100.000,100.000,100.000
OECD members,99.885,99.919,99.322,99.518,99.508,99.575,99.599,99.615,99.614,99.659,99.791,99.703,99.770,99.760,99.838,99.871,99.907,99.798,99.873,99.843,99.920,99.920,99.917,99.948,99.922,99.901,99.952,100.000
Oman,0.000,0.000,0.000,0.000,0.000,0.000,0.000,0.000,0.000,0.000,0.000,0.000,0.000,0.000,0.000,0.000,0.000,100.000,100.000,100.000,100.000,100.000,100.000,100.000,100.000,100.000,100.000,100.000
Other small states,0.000,0.000,0.000,0.000,0.000,0.000,0.000,0.000,0.000,0.000,58.781,56.949,58.026,59.002,60.679,62.052,60.306,61.986,63.072,64.255,66.660,68.151,69.179,69.805,71.227,72.486,74.035,75.247
Pakistan,0.000,0.000,0.000,0.000,0.000,0.000,0.000,0.000,70.460,70.298,70.369,70.431,70.479,70.508,70.512,70.491,70.454,70.415,70.387,70.385,70.422,70.507,70.636,70.800,70.990,71.197,71.414,70.790
Panama,70.190,72.427,73.358,74.289,75.222,76.158,77.098,78.042,78.990,79.939,81.401,81.819,82.740,87.800,84.519,85.371,86.207,87.041,87.887,88.758,86.850,90.626,91.629,89.100,93.729,94.918,96.819,100.000
Peru,0.000,0.000,70.100,64.514,65.828,67.145,67.000,69.160,72.072,74.079,72.496,72.113,74.383,74.381,75.692,77.174,80.157,81.988,84.678,86.424,88.123,89.707,91.100,92.135,92.920,93.852,94.200,96.363
Philippines,0.000,0.000,0.000,65.400,68.138,69.233,70.332,71.435,71.300,71.874,74.755,75.850,76.930,76.600,87.600,80.039,81.034,82.028,83.300,84.063,85.133,87.200,87.452,87.500,89.831,89.080,92.319,93.000
Palau,0.000,0.000,0.000,0.000,0.000,0.000,0.000,0.000,0.000,0.000,0.000,0.000,0.000,0.000,0.000,98.917,98.311,98.322,98.344,98.391,98.477,98.611,97.630,99.003,99.810,99.499,100.000,100.000
Papua New Guinea,0.000,0.000,0.000,0.000,0.000,0.000,11.000,5.880,7.660,9.441,11.217,12.983,14.736,16.469,18.178,19.861,12.400,23.194,24.871,26.573,19.500,30.104,31.938,34.896,39.588,44.546,49.400,54.427
Poland,100.000,100.000,100.000,100.000,100.000,100.000,100.000,100.000,100.000,100.000,100.000,100.000,100.000,100.000,100.000,100.000,100.000,100.000,100.000,100.000,100.000,100.000,100.000,100.000,100.000,100.000,100.000,100.000
Pre-demographic dividend,0.000,0.000,0.000,0.000,0.000,0.000,0.000,22.970,23.750,25.046,22.608,23.948,24.466,26.837,26.088,26.551,30.637,32.465,32.640,31.889,31.972,35.589,36.980,38.239,39.781,40.293,45.885,45.397
Puerto Rico,0.000,0.000,0.000,0.000,0.000,0.000,0.000,0.000,0.000,0.000,0.000,0.000,100.000,100.000,100.000,100.000,100.000,100.000,100.000,100.000,100.000,100.000,100.000,100.000,100.000,100.000,100.000,100.000
"Korea, Dem. People’s Rep.",0.000,0.000,0.000,0.000,0.000,0.000,0.000,0.000,0.000,0.000,0.000,0.000,0.000,0.000,0.000,0.000,0.000,0.000,0.000,26.000,29.116,31.136,33.200,35.299,37.425,39.567,41.718,43.871
Portugal,100.000,100.000,100.000,100.000,100.000,100.000,100.000,100.000,100.000,100.000,100.000,100.000,100.000,100.000,100.000,100.000,100.000,100.000,100.000,100.000,100.000,100.000,100.000,100.000,100.000,100.000,100.000,100.000
Paraguay,0.000,0.000,0.000,0.000,0.000,77.469,85.997,86.413,87.574,88.518,89.152,91.042,91.666,92.558,93.250,94.687,96.749,96.453,96.678,96.891,97.431,98.237,97.836,99.016,99.001,99.332,98.400,99.300
West Bank and Gaza,0.000,0.000,0.000,0.000,0.000,0.000,0.000,97.900,98.634,98.773,99.700,99.034,99.145,99.100,99.305,99.347,99.700,99.399,99.435,99.496,99.900,99.700,99.942,99.979,99.900,100.000,100.000,100.000
Pacific island small states,0.000,0.000,0.000,0.000,0.000,0.000,0.000,0.000,0.000,56.420,54.546,55.860,57.855,58.699,59.774,61.775,61.064,63.253,65.735,64.799,68.616,70.773,72.422,72.534,76.055,78.860,81.547,82.998
Post-demographic dividend,100.000,100.000,100.000,100.000,100.000,100.000,100.000,100.000,100.000,100.000,99.967,99.957,99.946,99.963,99.965,99.961,99.966,99.960,99.972,99.973,99.976,99.977,99.976,99.985,99.989,99.992,99.996,100.000
French Polynesia,100.000,100.000,100.000,100.000,100.000,100.000,100.000,100.000,100.000,100.000,100.000,100.000,100.000,100.000,100.000,100.000,100.000,100.000,100.000,100.000,100.000,100.000,100.000,100.000,100.000,100.000,100.000,100.000
Qatar,100.000,100.000,100.000,100.000,100.000,100.000,100.000,100.000,100.000,100.000,100.000,100.000,100.000,100.000,100.000,100.000,100.000,100.000,100.000,100.000,100.000,100.000,100.000,100.000,100.000,100.000,100.000,100.000
Romania,100.000,100.000,100.000,100.000,100.000,100.000,100.000,100.000,100.000,100.000,100.000,100.000,100.000,100.000,100.000,100.000,100.000,100.000,100.000,100.000,100.000,100.000,100.000,100.000,100.000,100.000,100.000,100.000
Russian Federation,100.000,100.000,100.000,100.000,100.000,100.000,100.000,100.000,100.000,100.000,100.000,100.000,100.000,100.000,100.000,100.000,100.000,100.000,100.000,100.000,100.000,100.000,100.000,100.000,100.000,100.000,100.000,100.000
Rwanda,0.000,0.000,2.300,0.010,0.010,0.076,0.413,1.072,2.216,3.361,6.200,5.633,6.751,7.848,8.922,4.800,11.002,12.032,6.000,14.142,9.700,10.800,17.500,15.200,19.800,22.800,29.370,34.100
South Asia,0.000,0.000,0.000,47.037,46.405,48.015,49.074,50.426,54.290,57.670,57.359,54.965,60.632,62.213,62.515,64.392,65.746,67.165,69.098,72.064,73.094,67.015,77.165,77.882,80.538,84.493,86.583,89.886
Saudi Arabia,0.000,0.000,0.000,0.000,0.000,0.000,0.000,0.000,0.000,0.000,0.000,0.000,0.000,0.000,100.000,100.000,100.000,100.000,100.000,100.000,100.000,100.000,100.000,100.000,100.000,100.000,100.000,100.000
Sudan,32.800,26.852,27.344,27.837,28.331,28.829,29.330,29.835,30.345,30.855,23.000,31.858,32.340,32.803,33.242,33.655,34.053,34.448,34.856,29.000,35.759,36.279,38.976,42.306,44.900,49.263,52.878,56.452
Senegal,0.000,0.000,0.000,26.000,27.318,28.935,30.555,32.200,33.809,36.200,37.740,38.681,36.800,41.865,36.800,47.100,49.900,47.989,49.515,53.500,55.197,56.500,57.780,57.000,61.000,60.500,64.500,61.700
Singapore,100.000,100.000,100.000,100.000,100.000,100.000,100.000,100.000,100.000,100.000,100.000,100.000,100.000,100.000,100.000,100.000,100.000,100.000,100.000,100.000,100.000,100.000,100.000,100.000,100.000,100.000,100.000,100.000
Solomon Islands,0.000,0.000,0.000,0.000,0.000,0.000,0.000,0.000,0.000,15.700,6.624,9.214,11.789,14.346,16.878,19.384,14.400,12.900,26.864,21.200,33.190,37.686,41.990,44.700,50.038,55.100,58.637,62.896
Sierra Leone,0.000,0.000,0.000,0.000,0.000,0.000,0.000,0.000,0.000,0.000,0.000,0.000,0.000,0.000,16.800,11.332,12.635,13.155,12.100,14.243,11.462,14.200,16.170,13.500,17.641,19.178,20.300,23.400
El Salvador,0.000,69.608,74.937,75.905,76.875,76.996,77.883,79.805,81.638,79.130,84.519,87.064,87.549,86.961,87.357,87.526,89.201,91.110,91.000,91.084,91.580,92.575,93.681,95.043,95.125,95.400,96.000,99.490
San Marino,100.000,100.000,100.000,100.000,100.000,100.000,100.000,100.000,100.000,100.000,100.000,100.000,100.000,100.000,100.000,100.000,100.000,100.000,100.000,100.000,100.000,100.000,100.000,100.000,100.000,100.000,100.000,100.000
Somalia,0.000,0.000,0.000,0.000,0.000,0.000,0.000,0.000,0.000,0.000,0.000,0.000,7.400,9.943,11.511,13.052,15.234,16.102,17.637,19.198,20.797,22.445,24.137,25.864,27.617,29.387,31.166,32.947
Serbia,100.000,100.000,100.000,100.000,100.000,100.000,100.000,100.000,100.000,100.000,100.000,100.000,100.000,100.000,100.000,99.691,100.000,100.000,100.000,100.000,99.718,100.000,100.000,100.000,99.661,100.000,100.000,100.000
Sub-Saharan Africa (excluding high income),0.000,0.000,0.000,0.000,0.000,0.000,27.637,27.956,28.286,29.894,26.035,28.204,29.172,31.152,30.879,29.860,32.258,38.849,33.706,33.337,33.549,35.565,37.344,38.347,38.247,39.394,44.804,44.581
South Sudan,0.000,0.000,0.000,0.000,0.000,0.000,0.000,0.000,0.000,0.000,0.000,0.000,0.000,0.000,0.000,0.000,0.000,0.000,0.000,3.000,1.500,5.500,8.915,12.044,15.188,18.597,22.011,25.382
Sub-Saharan Africa,0.000,0.000,0.000,0.000,0.000,0.000,27.649,27.967,28.297,29.905,26.044,28.212,29.180,31.159,30.887,29.867,32.265,38.855,33.712,33.344,33.556,35.571,37.350,38.353,38.253,39.400,44.809,44.586
Small states,0.000,0.000,0.000,0.000,0.000,0.000,0.000,0.000,0.000,0.000,65.669,64.509,65.323,66.081,67.393,68.497,66.960,68.410,69.445,70.077,72.241,73.209,74.249,74.905,76.260,77.427,78.878,79.961
Sao Tome and Principe,0.000,0.000,0.000,0.000,0.000,0.000,0.000,0.000,0.000,0.000,52.900,52.748,53.574,54.382,55.165,55.922,56.664,57.403,58.155,56.900,59.747,60.611,57.900,62.912,68.600,67.595,70.074,72.511
Suriname,0.000,0.000,0.000,0.000,0.000,0.000,0.000,0.000,0.000,99.624,97.196,96.621,96.032,95.424,94.792,94.134,91.020,92.785,92.121,91.482,91.198,92.238,93.098,93.670,94.258,95.110,95.968,96.783
Slovak Republic,100.000,100.000,100.000,100.000,100.000,100.000,100.000,100.000,100.000,100.000,100.000,100.000,100.000,100.000,100.000,100.000,100.000,100.000,100.000,100.000,100.000,100.000,100.000,100.000,100.000,100.000,100.000,100.000
Slovenia,100.000,100.000,100.000,100.000,100.000,100.000,100.000,100.000,100.000,100.000,100.000,100.000,100.000,100.000,100.000,100.000,100.000,100.000,100.000,100.000,100.000,100.000,100.000,100.000,100.000,100.000,100.000,100.000
Sweden,100.000,100.000,100.000,100.000,100.000,100.000,100.000,100.000,100.000,100.000,100.000,100.000,100.000,100.000,100.000,100.000,100.000,100.000,100.000,100.000,100.000,100.000,100.000,100.000,100.000,100.000,100.000,100.000
Eswatini,0.000,0.000,0.000,0.000,0.000,0.000,0.000,0.000,0.000,0.000,0.000,26.900,27.954,30.586,33.193,35.774,35.200,40.904,43.480,46.080,45.552,51.505,55.277,58.762,65.000,66.028,69.798,73.526
Sint Maarten (Dutch part),0.000,0.000,0.000,0.000,0.000,0.000,0.000,0.000,0.000,0.000,0.000,0.000,0.000,0.000,0.000,0.000,0.000,0.000,0.000,0.000,100.000,100.000,100.000,100.000,100.000,100.000,100.000,100.000
Seychelles,0.000,0.000,0.000,0.000,90.000,91.971,92.363,92.000,93.161,93.562,93.960,94.347,96.100,95.075,95.406,95.710,99.000,96.285,96.584,96.908,97.000,98.230,98.609,98.000,100.000,100.000,100.000,100.000
Syrian Arab Republic,0.000,0.000,0.000,0.000,0.000,0.000,0.000,0.000,0.000,0.000,0.000,0.000,86.600,92.776,92.476,92.150,99.506,91.466,91.134,90.828,92.700,92.029,91.466,90.616,89.911,89.814,89.726,89.639
Turks and Caicos Islands,88.700,90.741,91.131,91.523,91.915,92.311,92.710,93.114,93.522,93.931,95.600,94.730,95.111,95.472,95.810,96.121,96.417,96.711,97.016,100.000,100.000,100.000,93.100,100.000,100.000,100.000,100.000,100.000
Chad,0.000,0.000,0.000,0.000,0.000,0.000,0.000,2.300,2.036,2.442,2.845,3.238,3.617,3.977,3.500,4.622,4.916,5.208,5.512,5.841,6.400,6.650,7.456,7.976,8.510,7.700,10.114,10.876
East Asia & Pacific (IDA & IBRD countries),93.245,87.399,90.001,87.560,88.881,89.715,90.484,91.189,91.268,91.865,92.260,92.787,92.130,92.383,93.375,93.104,94.163,94.268,94.757,95.440,95.906,96.516,96.851,97.025,97.104,97.516,97.662,98.260
Europe & Central Asia (IDA & IBRD countries),100.000,100.000,100.000,100.000,100.000,99.995,99.912,99.901,99.908,99.723,99.868,99.875,99.886,99.907,99.881,99.854,99.883,99.855,99.877,99.912,99.905,99.928,99.949,99.974,99.979,99.993,99.998,99.986
Togo,0.000,0.000,0.000,0.000,0.000,0.000,0.000,0.000,15.300,16.090,16.956,19.688,21.467,23.228,24.964,26.675,27.900,30.063,31.767,33.497,30.792,39.700,39.166,41.074,45.700,45.185,47.379,48.000
Thailand,0.000,0.000,0.000,0.000,0.000,0.000,0.000,0.000,0.000,0.000,82.100,88.383,89.454,90.506,91.534,92.536,99.146,94.506,95.502,98.960,99.700,99.520,99.109,99.879,99.990,99.600,100.000,100.000
Tajikistan,0.000,0.000,0.000,0.000,0.000,0.000,0.000,0.000,0.000,97.000,98.468,98.624,99.000,100.000,98.761,99.300,98.740,98.720,98.711,99.000,98.783,98.887,99.100,99.217,99.426,99.652,99.887,99.300
Turkmenistan,0.000,0.000,0.000,0.000,0.000,0.000,0.000,0.000,0.000,0.000,99.600,99.635,99.685,99.716,99.723,99.704,99.841,99.633,99.609,99.609,100.000,99.935,99.987,100.000,100.000,100.000,100.000,100.000
Latin America & the Caribbean (IDA & IBRD countries),0.000,0.000,88.149,88.762,89.610,88.010,89.013,89.463,90.146,90.796,91.157,91.871,92.495,92.610,93.098,93.453,94.156,94.423,95.141,95.332,95.831,96.169,96.532,96.878,96.978,97.269,97.511,98.078
Timor-Leste,0.000,0.000,0.000,0.000,0.000,0.000,0.000,0.000,0.000,0.000,0.000,25.600,24.082,27.700,30.420,33.550,36.666,36.600,42.904,46.055,38.000,52.482,55.763,59.079,62.503,67.282,76.500,80.381
Middle East & North Africa (IDA & IBRD countries),0.000,0.000,0.000,0.000,0.000,0.000,0.000,0.000,0.000,0.000,89.453,89.798,90.038,91.250,91.072,92.272,94.868,93.234,94.362,94.457,95.079,95.449,95.847,96.706,95.519,96.959,97.120,97.340
Tonga,0.000,0.000,0.000,0.000,80.000,81.742,82.473,83.207,83.946,84.686,85.421,86.147,86.859,87.551,88.219,88.861,92.300,90.113,90.749,91.411,92.112,92.175,92.800,94.481,95.335,96.206,97.020,97.968
South Asia (IDA & IBRD),0.000,0.000,0.000,47.037,46.405,48.015,49.074,50.426,54.290,57.670,57.359,54.965,60.632,62.213,62.515,64.392,65.746,67.165,69.098,72.064,73.094,67.015,77.165,77.882,80.538,84.493,86.583,89.886
Sub-Saharan Africa (IDA & IBRD countries),0.000,0.000,0.000,0.000,0.000,0.000,27.649,27.967,28.297,29.905,26.044,28.212,29.180,31.159,30.887,29.867,32.265,38.855,33.712,33.344,33.556,35.571,37.350,38.353,38.253,39.400,44.809,44.586
Trinidad and Tobago,0.000,0.000,0.000,0.000,0.000,0.000,0.000,0.000,0.000,0.000,91.290,96.212,96.543,96.855,97.143,97.405,100.000,100.000,100.000,99.000,100.000,100.000,100.000,100.000,100.000,100.000,100.000,100.000
Tunisia,0.000,0.000,0.000,0.000,86.800,88.700,90.400,92.000,93.200,94.200,94.800,97.300,97.800,98.400,99.000,99.300,99.400,99.400,99.400,99.500,99.500,99.500,99.500,99.700,99.800,100.000,100.000,100.000
Turkey,0.000,0.000,0.000,0.000,0.000,0.000,0.000,0.000,0.000,0.000,0.000,0.000,0.000,0.000,0.000,0.000,0.000,0.000,0.000,0.000,100.000,99.964,99.993,100.000,100.000,100.000,100.000,100.000
Tuvalu,0.000,0.000,0.000,0.000,0.000,0.000,0.000,0.000,0.000,0.000,0.000,0.000,94.630,95.138,95.421,95.678,95.920,96.700,96.410,96.687,97.002,97.366,97.672,98.216,98.684,99.170,99.665,100.000
Tanzania,0.000,0.000,6.800,4.247,5.001,5.757,9.400,7.282,8.052,8.000,9.587,10.343,11.085,11.100,11.400,13.178,13.835,14.490,11.500,11.200,14.800,14.200,15.300,16.400,23.500,26.574,32.800,32.813
Uganda,0.000,5.600,2.497,3.197,3.898,6.800,5.310,6.022,6.739,7.456,8.169,8.600,7.800,10.232,10.877,8.900,9.000,12.704,13.318,10.000,12.100,14.600,16.132,13.900,20.400,18.500,26.700,22.000
Ukraine,100.000,100.000,100.000,100.000,100.000,100.000,100.000,100.000,100.000,100.000,100.000,100.000,100.000,100.000,100.000,99.886,100.000,99.800,100.000,100.000,100.000,100.000,99.867,100.000,100.000,100.000,100.000,100.000
Upper middle income,93.510,93.884,93.630,93.995,94.375,94.432,94.006,94.562,94.817,95.309,95.310,95.466,96.137,96.303,96.650,96.942,97.388,97.464,97.803,98.114,98.630,98.822,98.966,99.100,99.149,99.191,99.232,99.369
Uruguay,97.160,97.267,97.374,97.482,97.592,97.704,97.820,97.940,98.065,98.191,98.312,98.424,98.521,98.599,98.653,98.681,98.505,98.693,98.784,98.775,99.007,99.170,100.000,99.612,99.657,99.709,99.700,100.000
United States,100.000,100.000,100.000,100.000,100.000,100.000,100.000,100.000,100.000,100.000,100.000,100.000,100.000,100.000,100.000,100.000,100.000,100.000,100.000,100.000,100.000,100.000,100.000,100.000,100.000,100.000,100.000,100.000
Uzbekistan,0.000,0.000,0.000,0.000,0.000,0.000,99.600,99.389,99.460,99.531,99.598,99.655,99.700,99.723,99.722,99.696,99.490,99.611,99.579,99.572,99.605,99.685,99.810,99.921,99.980,99.998,100.000,100.000
St. Vincent and the Grenadines,0.000,66.800,69.023,70.370,71.719,73.071,74.426,75.786,77.150,78.515,79.876,82.410,82.564,83.881,85.175,86.442,87.694,88.790,90.206,91.493,92.819,94.193,95.611,97.064,98.543,99.452,99.909,100.000
"Venezuela, RB",0.000,0.000,97.820,98.282,98.339,99.000,98.464,98.700,98.400,98.900,98.900,99.900,99.800,95.700,99.100,98.860,99.300,98.780,98.750,98.746,98.781,98.840,99.203,99.366,99.543,99.840,99.968,100.000
British Virgin Islands,0.000,0.000,0.000,0.000,0.000,0.000,0.000,0.000,0.000,0.000,0.000,0.000,0.000,0.000,0.000,0.000,0.000,0.000,0.000,0.000,98.314,98.849,99.191,99.246,99.316,100.000,100.000,100.000
Virgin Islands (U.S.),100.000,100.000,100.000,100.000,100.000,100.000,100.000,100.000,100.000,100.000,100.000,100.000,100.000,100.000,100.000,100.000,100.000,100.000,100.000,100.000,100.000,100.000,100.000,100.000,100.000,100.000,100.000,100.000
Vietnam,0.000,0.000,0.000,0.000,0.000,0.000,0.000,78.400,83.899,85.084,86.265,87.436,89.100,89.730,90.844,96.100,96.000,94.074,95.155,96.100,98.326,99.000,99.841,99.873,99.200,100.000,100.000,100.000
Vanuatu,0.000,0.000,0.000,0.000,18.000,14.752,16.262,17.777,19.297,19.100,22.332,23.839,25.331,26.803,28.252,29.675,26.440,33.625,33.904,33.291,36.827,38.356,39.929,31.700,43.171,48.423,57.820,62.784
World,0.000,0.000,0.000,76.657,76.884,77.663,77.783,78.238,78.405,79.469,78.436,78.023,79.275,79.861,80.124,80.207,81.198,82.169,82.191,82.722,83.251,82.142,84.809,85.113,85.588,86.779,87.977,88.849
Samoa,0.000,78.800,80.736,81.551,80.000,83.186,84.009,84.836,85.668,86.500,87.328,88.146,88.950,89.735,90.496,91.231,96.372,92.668,93.397,97.900,96.626,96.669,97.156,97.591,97.900,99.501,99.784,96.800
Kosovo,100.000,100.000,100.000,100.000,100.000,100.000,100.000,100.000,100.000,100.000,100.000,100.000,100.000,100.000,100.000,100.000,100.000,100.000,100.000,100.000,99.000,100.000,100.000,100.000,100.000,100.000,100.000,100.000
"Yemen, Rep.",0.000,0.000,44.100,39.478,40.972,42.470,43.970,42.600,46.985,48.496,50.002,51.498,52.980,54.443,49.590,57.295,55.800,60.088,61.495,62.928,65.640,67.633,69.433,75.600,66.100,74.268,76.067,79.200
South Africa,0.000,0.000,0.000,0.000,0.000,0.000,57.600,68.496,64.900,70.651,71.724,70.200,77.100,78.800,80.900,80.900,80.700,82.000,81.900,82.700,82.900,84.700,85.300,85.400,86.000,85.500,84.200,84.400
Zambia,13.900,12.853,19.200,14.254,14.956,15.662,17.300,17.084,19.000,18.520,16.700,19.939,17.400,18.500,20.300,22.568,23.174,18.500,24.393,25.033,22.000,26.440,27.212,28.089,27.900,31.100,35.217,40.300
Zimbabwe,0.000,0.000,28.200,31.204,28.100,31.949,32.327,32.709,33.096,38.400,33.866,34.239,34.200,34.939,35.254,35.544,37.200,36.091,36.375,43.369,40.143,36.900,44.000,38.345,32.300,33.700,39.892,40.421